{
  "case": "model0",
  "mode": "aux",
  "solver_mode": "standard:elastic_auxspace_gmres_parallel/phase_gmres_no_precond",
  "assembly_parallel": true,
  "elastic_direct_backend": null,
  "elastic_formulation": "standard",
  "eps_g": 1e-06,
  "mesh": {
    "type": "distmesh",
    "hmin": 0.025,
    "mesh_note": "FRACTUREX_HMIN override",
    "h_min": 0.016087762627403784,
    "h_max": 0.03882309095123136,
    "h_mean": 0.026607112833206336,
    "h_target": 0.0092,
    "l0": 0.02,
    "h_ok": false
  },
  "gdof": {
    "sigma": 48092,
    "u": 34416,
    "d": 5956,
    "elastic_block": 82508,
    "total": 88464
  },
  "n_load_steps": 31,
  "loads_preview": [
    0.0,
    0.014000000000000002,
    0.028000000000000004,
    0.04200000000000001,
    0.05600000000000001,
    "..."
  ]
}