{
  "case": "model0",
  "mode": "direct",
  "solver_mode": "standard:elastic_spsolve_parallel/phase_gmres_no_precond",
  "assembly_parallel": true,
  "elastic_direct_backend": "spsolve",
  "elastic_formulation": "standard",
  "eps_g": 1e-06,
  "mesh": {
    "type": "distmesh",
    "hmin": 0.013,
    "mesh_note": "FRACTUREX_HMIN override",
    "h_min": 0.010757162258898525,
    "h_max": 0.01936934754214402,
    "h_mean": 0.01354585167928132,
    "h_target": 0.0092,
    "l0": 0.02,
    "h_ok": false
  },
  "gdof": {
    "sigma": 183524,
    "u": 132408,
    "d": 22486,
    "elastic_block": 315932,
    "total": 338418
  },
  "n_load_steps": 31,
  "loads_preview": [
    0.0,
    0.014000000000000002,
    0.028000000000000004,
    0.04200000000000001,
    0.05600000000000001,
    "..."
  ]
}