{
  "case": "model0",
  "mode": "aux",
  "solver_mode": "standard:elastic_auxspace_gmres_parallel/phase_gmres_no_precond",
  "assembly_parallel": true,
  "elastic_direct_backend": null,
  "elastic_formulation": "standard",
  "eps_g": 1e-06,
  "mesh": {
    "type": "distmesh",
    "hmin": 0.05,
    "mesh_note": "FRACTUREX_HMIN override",
    "h_min": 0.0436831600836663,
    "h_max": 0.07815177384547392,
    "h_mean": 0.056526038845722035,
    "h_target": 0.0092,
    "l0": 0.02,
    "h_ok": false
  },
  "gdof": {
    "sigma": 10924,
    "u": 7680,
    "d": 1384,
    "elastic_block": 18604,
    "total": 19988
  },
  "n_load_steps": 31,
  "loads_preview": [
    0.0,
    0.014000000000000002,
    0.028000000000000004,
    0.04200000000000001,
    0.05600000000000001,
    "..."
  ]
}