{
  "case": "square_tension_precrack",
  "p": 3,
  "use_relaxation": true,
  "mesh": {
    "NN": 1089,
    "NE": 3136,
    "NC": 2048
  },
  "material": {
    "lam": 121153.84615384616,
    "mu": 80769.23076923077,
    "E": 210000.0,
    "nu": 0.3,
    "Gc": 2.7,
    "l0": 0.1
  },
  "timing_enabled": true
}