{
  "solver_mode": "standard:elastic_spsolve_parallel/phase_gmres_no_precond",
  "history_source": "from_u",
  "n_load_steps": 31,
  "n_converged_steps": 30,
  "step_convergence_rate": 0.967741935483871,
  "total_wall_s": 9317.750721335411,
  "sum_step_s": 9315.487412840128,
  "avg_step_s": 300.49959396258475,
  "max_step_s": 2542.81906645,
  "sum_elastic_assemble_s": 1856.711147814989,
  "sum_elastic_solve_s": 6865.315675228834,
  "sum_phase_assemble_s": 474.93187019228935,
  "sum_phase_solve_s": 101.47262392938137,
  "avg_elastic_assemble_s_per_step": 59.893907994031906,
  "avg_elastic_solve_s_per_step": 221.4617959751237,
  "avg_phase_assemble_s_per_step": 15.32038290942869,
  "avg_phase_solve_s_per_step": 3.273310449334883,
  "avg_nonlinear_iters": 57.87096774193548,
  "max_nonlinear_iters": 500,
  "avg_linear_niter_elastic": 1.0,
  "avg_linear_niter_phase": 110.87096774193549,
  "elastic_linear_convergence_rate": 1.0,
  "phase_linear_convergence_rate": 1.0,
  "elastic_linear_res_avg": 1.552803854165233e-11,
  "elastic_linear_res_max": 5.824590080400087e-11,
  "phase_linear_res_avg": 8.688006010892264e-11,
  "phase_linear_res_max": 9.988129325745224e-11,
  "reaction_force_max": -0.0,
  "reaction_force_min": -28.143311875846784,
  "reaction_force_final": -0.052219601061842806,
  "reaction_force_abs_max": 28.143311875846784,
  "reaction_force_abs_min": 0.0,
  "reaction_force_abs_final": 0.052219601061842806,
  "damage_max_final": 1.0,
  "damage_max_peak": 1.0
}