{
  "case": "square",
  "mode": "direct",
  "solver_mode": "standard:elastic_pardiso_parallel/phase_gmres_no_precond",
  "assembly_parallel": true,
  "elastic_direct_backend": "pardiso",
  "elastic_formulation": "standard",
  "eps_g": 1e-06,
  "mesh": {
    "type": "box",
    "nx": 216,
    "ny": 216,
    "h_min": 0.004629629629629539,
    "h_max": 0.0065472850109865805,
    "h_mean": 0.005266881264049775,
    "h_target": 0.0069,
    "h_ok": true,
    "l0": 0.015
  },
  "gdof": {
    "sigma": 1542675,
    "u": 1119744,
    "d": 187489,
    "elastic_block": 2662419,
    "total": 2849908
  },
  "n_load_steps": 161,
  "loads_preview": [
    0.0,
    0.0001,
    0.0002,
    0.00030000000000000003,
    0.0004,
    "..."
  ]
}