{
  "case": "model0",
  "mode": "direct",
  "solver_mode": "standard:elastic_pardiso_parallel/phase_gmres_no_precond",
  "assembly_parallel": true,
  "elastic_direct_backend": "pardiso",
  "elastic_formulation": "standard",
  "eps_g": 1e-06,
  "mesh": {
    "type": "distmesh",
    "hmin": 0.0041400000000000005,
    "h_min": 0.0029298796722596046,
    "h_max": 0.0082106672912012,
    "h_mean": 0.004192042504401575,
    "h_target": 0.0092,
    "l0": 0.02,
    "h_ok": true,
    "NC": 114983,
    "NN": 58172
  },
  "gdof": {
    "sigma": 1901963,
    "u": 1379796,
    "d": 231322,
    "elastic_block": 3281759,
    "total": 3513081
  },
  "n_load_steps": 31,
  "loads_preview": [
    0.0,
    0.014000000000000002,
    0.028000000000000004,
    0.04200000000000001,
    0.05600000000000001,
    "..."
  ]
}