{
  "by_step": {
    "t_a": {
      "frac_qp_in_grid": 0.9958333333333333,
      "I1": {
        "rel_L2": 0.0863728900562244,
        "rel_Linf": 0.4507746720820576,
        "max_ratio": 0.8580925984016486
      },
      "I2": {
        "rel_L2": 0.11123634108642963,
        "rel_Linf": 0.4294247935908832,
        "max_ratio": 0.8083926351570924
      },
      "max_qp_truth": 18.231330554038287
    },
    "t_b": {
      "frac_qp_in_grid": 0.9958333333333333,
      "I1": {
        "rel_L2": 0.593357648038715,
        "rel_Linf": 0.758505821848637,
        "max_ratio": 1.0000000271707061
      },
      "I2": {
        "rel_L2": 0.6871257302779313,
        "rel_Linf": 0.5883413530954537,
        "max_ratio": 0.46113527138247906
      },
      "max_qp_truth": 6788.159483529663
    },
    "t_c": {
      "frac_qp_in_grid": 0.9958333333333333,
      "I1": {
        "rel_L2": 0.5993117279138733,
        "rel_Linf": 0.7990808303043031,
        "max_ratio": 0.99880069337639
      },
      "I2": {
        "rel_L2": 0.7213745130461036,
        "rel_Linf": 0.7216556689810624,
        "max_ratio": 0.4044636062118493
      },
      "max_qp_truth": 18548.37604962853
    }
  }
}