{
  "by_h": {
    "h1": {
      "I1": {
        "rel_L2_geom_mean": 0.09387859033424259,
        "rel_Linf_max": 0.44551778371692435,
        "h_proxy": 0.05590169943749474,
        "n_rows": 9
      },
      "I2": {
        "rel_L2_geom_mean": 0.19276780184589112,
        "rel_Linf_max": 0.7835659360244089,
        "h_proxy": 0.05590169943749474,
        "n_rows": 9
      }
    },
    "h2": {
      "I1": {
        "rel_L2_geom_mean": 0.042547177211393276,
        "rel_Linf_max": 0.340416388598233,
        "h_proxy": 0.026407386650992314,
        "n_rows": 3
      },
      "I2": {
        "rel_L2_geom_mean": 0.08820247316657925,
        "rel_Linf_max": 0.7177039820772879,
        "h_proxy": 0.026407386650992314,
        "n_rows": 3
      }
    },
    "h3": {
      "I1": {
        "rel_L2_geom_mean": 0.059520501915057096,
        "rel_Linf_max": 0.46649446368914665,
        "h_proxy": 0.013463206528700323,
        "n_rows": 3
      },
      "I2": {
        "rel_L2_geom_mean": 0.06671879595339125,
        "rel_Linf_max": 0.733534297168913,
        "h_proxy": 0.013463206528700323,
        "n_rows": 3
      }
    }
  },
  "by_h_t_a_only": {
    "h1": {
      "I1": {
        "rel_L2_geom_mean": 0.09483445128669826,
        "rel_Linf_max": 0.44551778371692435,
        "h_proxy": 0.05590169943749474,
        "n_rows": 3
      },
      "I2": {
        "rel_L2_geom_mean": 0.19499240383892766,
        "rel_Linf_max": 0.6877575531014076,
        "h_proxy": 0.05590169943749474,
        "n_rows": 3
      }
    },
    "h2": {
      "I1": {
        "rel_L2_geom_mean": 0.042547177211393276,
        "rel_Linf_max": 0.340416388598233,
        "h_proxy": 0.026407386650992314,
        "n_rows": 3
      },
      "I2": {
        "rel_L2_geom_mean": 0.08820247316657925,
        "rel_Linf_max": 0.7177039820772879,
        "h_proxy": 0.026407386650992314,
        "n_rows": 3
      }
    },
    "h3": {
      "I1": {
        "rel_L2_geom_mean": 0.059520501915057096,
        "rel_Linf_max": 0.46649446368914665,
        "h_proxy": 0.013463206528700323,
        "n_rows": 3
      },
      "I2": {
        "rel_L2_geom_mean": 0.06671879595339125,
        "rel_Linf_max": 0.733534297168913,
        "h_proxy": 0.013463206528700323,
        "n_rows": 3
      }
    }
  },
  "rates_t_a": {
    "I1": [
      {
        "from": 0.05590169943749474,
        "to": 0.026407386650992314,
        "rate": 1.0687621292254632
      },
      {
        "from": 0.026407386650992314,
        "to": 0.013463206528700323,
        "rate": -0.49831625301077276
      }
    ],
    "I2": [
      {
        "from": 0.05590169943749474,
        "to": 0.026407386650992314,
        "rate": 1.0578365608678033
      },
      {
        "from": 0.026407386650992314,
        "to": 0.013463206528700323,
        "rate": 0.4143613383078089
      }
    ]
  },
  "rates_all": {
    "I1": [
      {
        "from": 0.05590169943749474,
        "to": 0.026407386650992314,
        "rate": 1.055254049347698
      },
      {
        "from": 0.026407386650992314,
        "to": 0.013463206528700323,
        "rate": -0.49831625301077276
      }
    ],
    "I2": [
      {
        "from": 0.05590169943749474,
        "to": 0.026407386650992314,
        "rate": 1.0425365778250761
      },
      {
        "from": 0.026407386650992314,
        "to": 0.013463206528700323,
        "rate": 0.4143613383078089
      }
    ]
  }
}