step,displacement,residual_force_abs
0,0.0,0.0
1,0.014000000000000002,6.021806796483004
2,0.028000000000000004,11.745745174373162
