{
  "solver_mode": "standard:elastic_fast_schur_gmres_parallel/phase_gmres_no_precond",
  "history_source": "from_u",
  "n_load_steps": 3,
  "n_converged_steps": 3,
  "step_convergence_rate": 1.0,
  "total_wall_s": 49.13689424097538,
  "sum_step_s": 48.66886633634567,
  "avg_step_s": 16.22295544544856,
  "max_step_s": 26.67711602151394,
  "sum_elastic_assemble_s": 17.033103436231613,
  "sum_elastic_solve_s": 23.632408753037453,
  "sum_phase_assemble_s": 7.588406518101692,
  "sum_phase_solve_s": 0.055837735533714294,
  "avg_elastic_assemble_s_per_step": 5.677701145410538,
  "avg_elastic_solve_s_per_step": 7.877469584345818,
  "avg_phase_assemble_s_per_step": 2.529468839367231,
  "avg_phase_solve_s_per_step": 0.018612578511238098,
  "avg_nonlinear_iters": 3.3333333333333335,
  "max_nonlinear_iters": 5,
  "avg_linear_niter_elastic": 1.0,
  "avg_linear_niter_phase": 22.0,
  "elastic_linear_convergence_rate": 1.0,
  "phase_linear_convergence_rate": 1.0,
  "elastic_linear_res_avg": 6.2654057306397315e-09,
  "elastic_linear_res_max": 9.945780891087061e-09,
  "phase_linear_res_avg": 5.169676493118442e-11,
  "phase_linear_res_max": 9.158452846182795e-11,
  "reaction_force_max": -0.0,
  "reaction_force_min": -11.745745174401,
  "reaction_force_final": -11.745745174401,
  "reaction_force_abs_max": 11.745745174401,
  "reaction_force_abs_min": 0.0,
  "reaction_force_abs_final": 11.745745174401,
  "damage_max_final": 0.03660841863419276,
  "damage_max_peak": 0.03660841863419276
}