{
  "solver_mode": "effective_stress:direct/spsolve",
  "n_load_steps": 31,
  "n_converged_steps": 31,
  "step_convergence_rate": 1.0,
  "total_wall_s": 227.14127358281985,
  "sum_step_s": 227.12348283128813,
  "avg_step_s": 7.326563962299617,
  "max_step_s": 42.66778462473303,
  "sum_elastic_assemble_s": 40.80053437454626,
  "sum_elastic_solve_s": 175.54301811009645,
  "sum_phase_assemble_s": 7.127283827401698,
  "sum_phase_solve_s": 1.0020158016122878,
  "avg_elastic_assemble_s_per_step": 1.3161462701466535,
  "avg_elastic_solve_s_per_step": 5.662678003551498,
  "avg_phase_assemble_s_per_step": 0.22991238152908702,
  "avg_phase_solve_s_per_step": 0.03232309037458993,
  "avg_nonlinear_iters": 10.419354838709678,
  "max_nonlinear_iters": 57,
  "avg_linear_niter_elastic": 1.0,
  "avg_linear_niter_phase": 1.0,
  "elastic_linear_convergence_rate": 1.0,
  "phase_linear_convergence_rate": 1.0,
  "elastic_linear_res_avg": 4.1079977180645765e-11,
  "elastic_linear_res_max": 7.03507373942742e-11,
  "phase_linear_res_avg": 7.030194459738441e-16,
  "phase_linear_res_max": 2.972926342349131e-15,
  "reaction_force_max": -0.0,
  "reaction_force_min": -11.099158040933927,
  "reaction_force_final": -5.535125404885341e-05,
  "damage_max_final": 1.0,
  "damage_max_peak": 1.0
}