{
  "solver_mode": "effective_stress:direct/spsolve",
  "history_source": "from_u",
  "n_load_steps": 25,
  "n_converged_steps": 25,
  "step_convergence_rate": 1.0,
  "total_wall_s": 2052.4527214579284,
  "sum_step_s": 2052.431175084319,
  "avg_step_s": 82.09724700337276,
  "max_step_s": 477.5167181668803,
  "sum_elastic_assemble_s": 381.08816919941455,
  "sum_elastic_solve_s": 1605.8727915259078,
  "sum_phase_assemble_s": 47.676691645756364,
  "sum_phase_solve_s": 10.510627966374159,
  "avg_elastic_assemble_s_per_step": 15.243526767976583,
  "avg_elastic_solve_s_per_step": 64.2349116610363,
  "avg_phase_assemble_s_per_step": 1.9070676658302546,
  "avg_phase_solve_s_per_step": 0.42042511865496635,
  "avg_nonlinear_iters": 17.08,
  "max_nonlinear_iters": 101,
  "avg_linear_niter_elastic": 1.0,
  "avg_linear_niter_phase": 1.0,
  "elastic_linear_convergence_rate": 1.0,
  "phase_linear_convergence_rate": 1.0,
  "elastic_linear_res_avg": 1.5112863259958654e-11,
  "elastic_linear_res_max": 9.4257853433568e-11,
  "phase_linear_res_avg": 1.0700582435932841e-15,
  "phase_linear_res_max": 3.184000113913272e-15,
  "reaction_force_max": -0.0,
  "reaction_force_min": -18.857829171605836,
  "reaction_force_final": -0.0068133923861481566,
  "damage_max_final": 0.9863449470345259,
  "damage_max_peak": 0.9863449470345259
}